Age,Embarked,Fare,PassengerId,Pclass,Sex,Survived,Title,Family_size
22,S,7.25,1,3,male,0,Mr,Small
38,C,71.2833,2,1,female,1,Mrs,Small
26,S,7.925,3,3,female,1,Miss,Alone
35,S,53.1,4,1,female,1,Mrs,Small
35,S,8.05,5,3,male,0,Mr,Alone
25,Q,8.4583,6,3,male,0,Mr,Alone
54,S,51.8625,7,1,male,0,Mr,Alone
2,S,21.075,8,3,male,0,Master,Large
27,S,11.1333,9,3,female,1,Mrs,Small
14,C,30.0708,10,2,female,1,Mrs,Small
4,S,16.7,11,3,female,1,Miss,Small
58,S,26.55,12,1,female,1,Miss,Alone
20,S,8.05,13,3,male,0,Mr,Alone
39,S,31.275,14,3,male,0,Mr,Large
14,S,7.8542,15,3,female,0,Miss,Alone
55,S,16.0,16,2,female,1,Mrs,Alone
2,Q,29.125,17,3,male,0,Master,Large
29,S,13.0,18,2,male,1,Mr,Alone
31,S,18.0,19,3,female,0,Mrs,Small
22,C,7.225,20,3,female,1,Mrs,Alone
35,S,26.0,21,2,male,0,Mr,Alone
34,S,13.0,22,2,male,1,Mr,Alone
15,Q,8.0292,23,3,female,1,Miss,Alone
28,S,35.5,24,1,male,1,Mr,Alone
8,S,21.075,25,3,female,0,Miss,Large
38,S,31.3875,26,3,female,1,Mrs,Large
25,C,7.225,27,3,male,0,Mr,Alone
19,S,263.0,28,1,male,0,Mr,Large
22,Q,7.8792,29,3,female,1,Miss,Alone
25,S,7.8958,30,3,male,0,Mr,Alone
40,C,27.7208,31,1,male,0,Rare,Alone
36,C,146.5208,32,1,female,1,Mrs,Small
22,Q,7.75,33,3,female,1,Miss,Alone
66,S,10.5,34,2,male,0,Mr,Alone
28,C,82.1708,35,1,male,0,Mr,Small
42,S,52.0,36,1,male,0,Mr,Small
25,C,7.2292,37,3,male,1,Mr,Alone
21,S,8.05,38,3,male,0,Mr,Alone
18,S,18.0,39,3,female,0,Miss,Small
14,C,11.2417,40,3,female,1,Miss,Small
40,S,9.475,41,3,female,0,Mrs,Small
27,S,21.0,42,2,female,0,Mrs,Small
25,C,7.8958,43,3,male,0,Mr,Alone
3,C,41.5792,44,2,female,1,Miss,Large
19,Q,7.8792,45,3,female,1,Miss,Alone
25,S,8.05,46,3,male,0,Mr,Alone
25,Q,15.5,47,3,male,0,Mr,Small
22,Q,7.75,48,3,female,1,Miss,Alone
25,C,21.6792,49,3,male,0,Mr,Small
18,S,17.8,50,3,female,0,Mrs,Small
7,S,39.6875,51,3,male,0,Master,Large
21,S,7.8,52,3,male,0,Mr,Alone
49,C,76.7292,53,1,female,1,Mrs,Small
29,S,26.0,54,2,female,1,Mrs,Small
65,C,61.9792,55,1,male,0,Mr,Small
42,S,35.5,56,1,male,1,Mr,Alone
21,S,10.5,57,2,female,1,Miss,Alone
28,C,7.2292,58,3,male,0,Mr,Alone
5,S,27.75,59,2,female,1,Miss,Large
11,S,46.9,60,3,male,0,Master,Large
22,C,7.2292,61,3,male,0,Mr,Alone
38,S,80.0,62,1,female,1,Miss,Alone
45,S,83.475,63,1,male,0,Mr,Small
4,S,27.9,64,3,male,0,Master,Large
42,C,27.7208,65,1,male,0,Mr,Alone
25,C,15.2458,66,3,male,1,Master,Small
29,S,10.5,67,2,female,1,Mrs,Alone
19,S,8.1583,68,3,male,0,Mr,Alone
17,S,7.925,69,3,female,1,Miss,Large
26,S,8.6625,70,3,male,0,Mr,Small
32,S,10.5,71,2,male,0,Mr,Alone
16,S,46.9,72,3,female,0,Miss,Large
21,S,73.5,73,2,male,0,Mr,Alone
26,C,14.4542,74,3,male,0,Mr,Small
32,S,56.4958,75,3,male,1,Mr,Alone
25,S,7.65,76,3,male,0,Mr,Alone
25,S,7.8958,77,3,male,0,Mr,Alone
25,S,8.05,78,3,male,0,Mr,Alone
0,S,29.0,79,2,male,1,Master,Small
30,S,12.475,80,3,female,1,Miss,Alone
22,S,9.0,81,3,male,0,Mr,Alone
29,S,9.5,82,3,male,1,Mr,Alone
22,Q,7.7875,83,3,female,1,Miss,Alone
28,S,47.1,84,1,male,0,Mr,Alone
17,S,10.5,85,2,female,1,Miss,Alone
33,S,15.85,86,3,female,1,Mrs,Large
16,S,34.375,87,3,male,0,Mr,Large
25,S,8.05,88,3,male,0,Mr,Alone
23,S,263.0,89,1,female,1,Miss,Large
24,S,8.05,90,3,male,0,Mr,Alone
29,S,8.05,91,3,male,0,Mr,Alone
20,S,7.8542,92,3,male,0,Mr,Alone
46,S,61.175,93,1,male,0,Mr,Small
26,S,20.575,94,3,male,0,Mr,Large
59,S,7.25,95,3,male,0,Mr,Alone
25,S,8.05,96,3,male,0,Mr,Alone
71,C,34.6542,97,1,male,0,Mr,Alone
23,C,63.3583,98,1,male,1,Mr,Small
34,S,23.0,99,2,female,1,Mrs,Small
34,S,26.0,100,2,male,0,Mr,Small
28,S,7.8958,101,3,female,0,Miss,Alone
25,S,7.8958,102,3,male,0,Mr,Alone
21,S,77.2875,103,1,male,0,Mr,Small
33,S,8.6542,104,3,male,0,Mr,Alone
37,S,7.925,105,3,male,0,Mr,Small
28,S,7.8958,106,3,male,0,Mr,Alone
21,S,7.65,107,3,female,1,Miss,Alone
25,S,7.775,108,3,male,1,Mr,Alone
38,S,7.8958,109,3,male,0,Mr,Alone
22,Q,24.15,110,3,female,1,Miss,Small
47,S,52.0,111,1,male,0,Mr,Alone
14,C,14.4542,112,3,female,0,Miss,Small
22,S,8.05,113,3,male,0,Mr,Alone
20,S,9.825,114,3,female,0,Miss,Small
17,C,14.4583,115,3,female,0,Miss,Alone
21,S,7.925,116,3,male,0,Mr,Alone
70,Q,7.75,117,3,male,0,Mr,Alone
29,S,21.0,118,2,male,0,Mr,Small
24,C,247.5208,119,1,male,0,Mr,Small
2,S,31.275,120,3,female,0,Miss,Large
21,S,73.5,121,2,male,0,Mr,Small
25,S,8.05,122,3,male,0,Mr,Alone
32,C,30.0708,123,2,male,0,Mr,Small
32,S,13.0,124,2,female,1,Miss,Alone
54,S,77.2875,125,1,male,0,Mr,Small
12,C,11.2417,126,3,male,1,Master,Small
25,Q,7.75,127,3,male,0,Mr,Alone
24,S,7.1417,128,3,male,1,Mr,Alone
22,C,22.3583,129,3,female,1,Miss,Small
45,S,6.975,130,3,male,0,Mr,Alone
33,C,7.8958,131,3,male,0,Mr,Alone
20,S,7.05,132,3,male,0,Mr,Alone
47,S,14.5,133,3,female,0,Mrs,Small
29,S,26.0,134,2,female,1,Mrs,Small
25,S,13.0,135,2,male,0,Mr,Alone
23,C,15.0458,136,2,male,0,Mr,Alone
19,S,26.2833,137,1,female,1,Miss,Small
37,S,53.1,138,1,male,0,Mr,Small
16,S,9.2167,139,3,male,0,Mr,Alone
24,C,79.2,140,1,male,0,Mr,Alone
22,C,15.2458,141,3,female,0,Mrs,Small
22,S,7.75,142,3,female,1,Miss,Alone
24,S,15.85,143,3,female,1,Mrs,Small
19,Q,6.75,144,3,male,0,Mr,Alone
18,S,11.5,145,2,male,0,Mr,Alone
19,S,36.75,146,2,male,0,Mr,Small
27,S,7.7958,147,3,male,1,Mr,Alone
9,S,34.375,148,3,female,0,Miss,Large
36,S,26.0,149,2,male,0,Mr,Small
42,S,13.0,150,2,male,0,Rare,Alone
51,S,12.525,151,2,male,0,Rare,Alone
22,S,66.6,152,1,female,1,Mrs,Small
55,S,8.05,153,3,male,0,Mr,Alone
40,S,14.5,154,3,male,0,Mr,Small
25,S,7.3125,155,3,male,0,Mr,Alone
51,C,61.3792,156,1,male,0,Mr,Small
16,Q,7.7333,157,3,female,1,Miss,Alone
30,S,8.05,158,3,male,0,Mr,Alone
25,S,8.6625,159,3,male,0,Mr,Alone
25,S,69.55,160,3,male,0,Master,Large
44,S,16.1,161,3,male,0,Mr,Small
40,S,15.75,162,2,female,1,Mrs,Alone
26,S,7.775,163,3,male,0,Mr,Alone
17,S,8.6625,164,3,male,0,Mr,Alone
1,S,39.6875,165,3,male,0,Master,Large
9,S,20.525,166,3,male,1,Master,Small
36,S,55.0,167,1,female,1,Mrs,Small
45,S,27.9,168,3,female,0,Mrs,Large
42,S,25.925,169,1,male,0,Mr,Alone
28,S,56.4958,170,3,male,0,Mr,Alone
61,S,33.5,171,1,male,0,Mr,Alone
4,Q,29.125,172,3,male,0,Master,Large
1,S,11.1333,173,3,female,1,Miss,Small
21,S,7.925,174,3,male,0,Mr,Alone
56,C,30.6958,175,1,male,0,Mr,Alone
18,S,7.8542,176,3,male,0,Mr,Small
25,S,25.4667,177,3,male,0,Master,Large
50,C,28.7125,178,1,female,0,Miss,Alone
30,S,13.0,179,2,male,0,Mr,Alone
36,S,0.0,180,3,male,0,Mr,Alone
22,S,69.55,181,3,female,0,Miss,Large
29,C,15.05,182,2,male,0,Mr,Alone
9,S,31.3875,183,3,male,0,Master,Large
1,S,39.0,184,2,male,1,Master,Large
4,S,22.025,185,3,female,1,Miss,Small
42,S,50.0,186,1,male,0,Mr,Alone
22,Q,15.5,187,3,female,1,Mrs,Small
45,S,26.55,188,1,male,1,Mr,Alone
40,Q,15.5,189,3,male,0,Mr,Small
36,S,7.8958,190,3,male,0,Mr,Alone
32,S,13.0,191,2,female,1,Mrs,Alone
19,S,13.0,192,2,male,0,Mr,Alone
19,S,7.8542,193,3,female,1,Miss,Small
3,S,26.0,194,2,male,1,Master,Small
44,C,27.7208,195,1,female,1,Mrs,Alone
58,C,146.5208,196,1,female,1,Miss,Alone
25,Q,7.75,197,3,male,0,Mr,Alone
42,S,8.4042,198,3,male,0,Mr,Small
22,Q,7.75,199,3,female,1,Miss,Alone
24,S,13.0,200,2,female,0,Miss,Alone
28,S,9.5,201,3,male,0,Mr,Alone
25,S,69.55,202,3,male,0,Mr,Large
34,S,6.4958,203,3,male,0,Mr,Alone
45,C,7.225,204,3,male,0,Mr,Alone
18,S,8.05,205,3,male,1,Mr,Alone
2,S,10.4625,206,3,female,0,Miss,Small
32,S,15.85,207,3,male,0,Mr,Small
26,C,18.7875,208,3,male,1,Mr,Alone
16,Q,7.75,209,3,female,1,Miss,Alone
40,C,31.0,210,1,male,1,Mr,Alone
24,S,7.05,211,3,male,0,Mr,Alone
35,S,21.0,212,2,female,1,Miss,Alone
22,S,7.25,213,3,male,0,Mr,Alone
30,S,13.0,214,2,male,0,Mr,Alone
25,Q,7.75,215,3,male,0,Mr,Small
31,C,113.275,216,1,female,1,Miss,Small
27,S,7.925,217,3,female,1,Miss,Alone
42,S,27.0,218,2,male,0,Mr,Small
32,C,76.2917,219,1,female,1,Miss,Alone
30,S,10.5,220,2,male,0,Mr,Alone
16,S,8.05,221,3,male,1,Mr,Alone
27,S,13.0,222,2,male,0,Mr,Alone
51,S,8.05,223,3,male,0,Mr,Alone
25,S,7.8958,224,3,male,0,Mr,Alone
38,S,90.0,225,1,male,1,Mr,Small
22,S,9.35,226,3,male,0,Mr,Alone
19,S,10.5,227,2,male,1,Mr,Alone
20,S,7.25,228,3,male,0,Mr,Alone
18,S,13.0,229,2,male,0,Mr,Alone
22,S,25.4667,230,3,female,0,Miss,Large
35,S,83.475,231,1,female,1,Mrs,Small
29,S,7.775,232,3,male,0,Mr,Alone
59,S,13.5,233,2,male,0,Mr,Alone
5,S,31.3875,234,3,female,1,Miss,Large
24,S,10.5,235,2,male,0,Mr,Alone
22,S,7.55,236,3,female,0,Miss,Alone
44,S,26.0,237,2,male,0,Mr,Small
8,S,26.25,238,2,female,1,Miss,Small
19,S,10.5,239,2,male,0,Mr,Alone
33,S,12.275,240,2,male,0,Mr,Alone
22,C,14.4542,241,3,female,0,Miss,Small
22,Q,15.5,242,3,female,1,Miss,Small
29,S,10.5,243,2,male,0,Mr,Alone
22,S,7.125,244,3,male,0,Mr,Alone
30,C,7.225,245,3,male,0,Mr,Alone
44,Q,90.0,246,1,male,0,Rare,Small
25,S,7.775,247,3,female,0,Miss,Alone
24,S,14.5,248,2,female,1,Mrs,Small
37,S,52.5542,249,1,male,1,Mr,Small
54,S,26.0,250,2,male,0,Rare,Small
25,S,7.25,251,3,male,0,Mr,Alone
29,S,10.4625,252,3,female,0,Mrs,Small
62,S,26.55,253,1,male,0,Mr,Alone
30,S,16.1,254,3,male,0,Mr,Small
41,S,20.2125,255,3,female,0,Mrs,Small
29,C,15.2458,256,3,female,1,Mrs,Small
36,C,79.2,257,1,female,1,Mrs,Alone
30,S,86.5,258,1,female,1,Miss,Alone
35,C,512.3292,259,1,female,1,Miss,Alone
50,S,26.0,260,2,female,1,Mrs,Small
25,Q,7.75,261,3,male,0,Mr,Alone
3,S,31.3875,262,3,male,1,Master,Large
52,S,79.65,263,1,male,0,Mr,Small
40,S,0.0,264,1,male,0,Mr,Alone
22,Q,7.75,265,3,female,0,Miss,Alone
36,S,10.5,266,2,male,0,Mr,Alone
16,S,39.6875,267,3,male,0,Mr,Large
25,S,7.775,268,3,male,1,Mr,Small
58,S,153.4625,269,1,female,1,Mrs,Small
35,S,135.6333,270,1,female,1,Miss,Alone
42,S,31.0,271,1,male,0,Mr,Alone
25,S,0.0,272,3,male,1,Mr,Alone
41,S,19.5,273,2,female,1,Mrs,Small
37,C,29.7,274,1,male,0,Mr,Small
22,Q,7.75,275,3,female,1,Miss,Alone
63,S,77.9583,276,1,female,1,Miss,Small
45,S,7.75,277,3,female,0,Miss,Alone
29,S,0.0,278,2,male,0,Mr,Alone
7,Q,29.125,279,3,male,0,Master,Large
35,S,20.25,280,3,female,1,Mrs,Small
65,Q,7.75,281,3,male,0,Mr,Alone
28,S,7.8542,282,3,male,0,Mr,Alone
16,S,9.5,283,3,male,0,Mr,Alone
19,S,8.05,284,3,male,1,Mr,Alone
42,S,26.0,285,1,male,0,Mr,Alone
33,C,8.6625,286,3,male,0,Mr,Alone
30,S,9.5,287,3,male,1,Mr,Alone
22,S,7.8958,288,3,male,0,Mr,Alone
42,S,13.0,289,2,male,1,Mr,Alone
22,Q,7.75,290,3,female,1,Miss,Alone
26,S,78.85,291,1,female,1,Miss,Alone
19,C,91.0792,292,1,female,1,Mrs,Small
36,C,12.875,293,2,male,0,Mr,Alone
24,S,8.85,294,3,female,0,Miss,Alone
24,S,7.8958,295,3,male,0,Mr,Alone
42,C,27.7208,296,1,male,0,Mr,Alone
23,C,7.2292,297,3,male,0,Mr,Alone
2,S,151.55,298,1,female,0,Miss,Large
42,S,30.5,299,1,male,1,Mr,Alone
50,C,247.5208,300,1,female,1,Mrs,Small
22,Q,7.75,301,3,female,1,Miss,Alone
25,Q,23.25,302,3,male,1,Mr,Small
19,S,0.0,303,3,male,0,Mr,Alone
28,Q,12.35,304,2,female,1,Miss,Alone
25,S,8.05,305,3,male,0,Mr,Alone
0,S,151.55,306,1,male,1,Master,Large
36,C,110.8833,307,1,female,1,Miss,Alone
17,C,108.9,308,1,female,1,Mrs,Small
30,C,24.0,309,2,male,0,Mr,Small
30,C,56.9292,310,1,female,1,Miss,Alone
24,C,83.1583,311,1,female,1,Miss,Alone
18,C,262.375,312,1,female,1,Miss,Large
26,S,26.0,313,2,female,0,Mrs,Small
28,S,7.8958,314,3,male,0,Mr,Alone
43,S,26.25,315,2,male,0,Mr,Small
26,S,7.8542,316,3,female,1,Miss,Alone
24,S,26.0,317,2,female,1,Mrs,Small
54,S,14.0,318,2,male,0,Rare,Alone
31,S,164.8667,319,1,female,1,Miss,Small
40,C,134.5,320,1,female,1,Mrs,Small
22,S,7.25,321,3,male,0,Mr,Alone
27,S,7.8958,322,3,male,0,Mr,Alone
30,Q,12.35,323,2,female,1,Miss,Alone
22,S,29.0,324,2,female,1,Mrs,Small
25,S,69.55,325,3,male,0,Mr,Large
36,C,135.6333,326,1,female,1,Miss,Alone
61,S,6.2375,327,3,male,0,Mr,Alone
36,S,13.0,328,2,female,1,Mrs,Alone
31,S,20.525,329,3,female,1,Mrs,Small
16,C,57.9792,330,1,female,1,Miss,Small
22,Q,23.25,331,3,female,1,Miss,Small
45,S,28.5,332,1,male,0,Mr,Alone
38,S,153.4625,333,1,male,0,Mr,Small
16,S,18.0,334,3,male,0,Mr,Small
36,S,133.65,335,1,female,1,Mrs,Small
25,S,7.8958,336,3,male,0,Mr,Alone
29,S,66.6,337,1,male,0,Mr,Small
41,C,134.5,338,1,female,1,Miss,Alone
45,S,8.05,339,3,male,1,Mr,Alone
45,S,35.5,340,1,male,0,Mr,Alone
2,S,26.0,341,2,male,1,Master,Small
24,S,263.0,342,1,female,1,Miss,Large
28,S,13.0,343,2,male,0,Mr,Alone
25,S,13.0,344,2,male,0,Mr,Alone
36,S,13.0,345,2,male,0,Mr,Alone
24,S,13.0,346,2,female,1,Miss,Alone
40,S,13.0,347,2,female,1,Miss,Alone
22,S,16.1,348,3,female,1,Mrs,Small
3,S,15.9,349,3,male,1,Master,Small
42,S,8.6625,350,3,male,0,Mr,Alone
23,S,9.225,351,3,male,0,Mr,Alone
42,S,35.0,352,1,male,0,Mr,Alone
15,C,7.2292,353,3,male,0,Mr,Small
25,S,17.8,354,3,male,0,Mr,Small
25,C,7.225,355,3,male,0,Mr,Alone
28,S,9.5,356,3,male,0,Mr,Alone
22,S,55.0,357,1,female,1,Miss,Small
38,S,13.0,358,2,female,0,Miss,Alone
22,Q,7.8792,359,3,female,1,Miss,Alone
22,Q,7.8792,360,3,female,1,Miss,Alone
40,S,27.9,361,3,male,0,Mr,Large
29,C,27.7208,362,2,male,0,Mr,Small
45,C,14.4542,363,3,female,0,Mrs,Small
35,S,7.05,364,3,male,0,Mr,Alone
25,Q,15.5,365,3,male,0,Mr,Small
30,S,7.25,366,3,male,0,Mr,Alone
60,C,75.25,367,1,female,1,Mrs,Small
22,C,7.2292,368,3,female,1,Mrs,Alone
22,Q,7.75,369,3,female,1,Miss,Alone
24,C,69.3,370,1,female,1,Mrs,Alone
25,C,55.4417,371,1,male,1,Mr,Small
18,S,6.4958,372,3,male,0,Mr,Small
19,S,8.05,373,3,male,0,Mr,Alone
22,C,135.6333,374,1,male,0,Mr,Alone
3,S,21.075,375,3,female,0,Miss,Large
36,C,82.1708,376,1,female,1,Mrs,Small
22,S,7.25,377,3,female,1,Miss,Alone
27,C,211.5,378,1,male,0,Mr,Small
20,C,4.0125,379,3,male,0,Mr,Alone
19,S,7.775,380,3,male,0,Mr,Alone
42,C,227.525,381,1,female,1,Miss,Alone
1,C,15.7417,382,3,female,1,Miss,Small
32,S,7.925,383,3,male,0,Mr,Alone
35,S,52.0,384,1,female,1,Mrs,Small
25,S,7.8958,385,3,male,0,Mr,Alone
18,S,73.5,386,2,male,0,Mr,Alone
1,S,46.9,387,3,male,0,Master,Large
36,S,13.0,388,2,female,1,Miss,Alone
25,Q,7.7292,389,3,male,0,Mr,Alone
17,C,12.0,390,2,female,1,Miss,Alone
36,S,120.0,391,1,male,1,Mr,Large
21,S,7.7958,392,3,male,1,Mr,Alone
28,S,7.925,393,3,male,0,Mr,Small
23,C,113.275,394,1,female,1,Miss,Small
24,S,16.7,395,3,female,1,Mrs,Small
22,S,7.7958,396,3,male,0,Mr,Alone
31,S,7.8542,397,3,female,0,Miss,Alone
46,S,26.0,398,2,male,0,Mr,Alone
23,S,10.5,399,2,male,0,Rare,Alone
28,S,12.65,400,2,female,1,Mrs,Alone
39,S,7.925,401,3,male,1,Mr,Alone
26,S,8.05,402,3,male,0,Mr,Alone
21,S,9.825,403,3,female,0,Miss,Small
28,S,15.85,404,3,male,0,Mr,Small
20,S,8.6625,405,3,female,0,Miss,Alone
34,S,21.0,406,2,male,0,Mr,Small
51,S,7.75,407,3,male,0,Mr,Alone
3,S,18.75,408,2,male,1,Master,Small
21,S,7.775,409,3,male,0,Mr,Alone
22,S,25.4667,410,3,female,0,Miss,Large
25,S,7.8958,411,3,male,0,Mr,Alone
25,Q,6.8583,412,3,male,0,Mr,Alone
33,Q,90.0,413,1,female,1,Miss,Small
29,S,0.0,414,2,male,0,Mr,Alone
44,S,7.925,415,3,male,1,Mr,Alone
22,S,8.05,416,3,female,0,Mrs,Alone
34,S,32.5,417,2,female,1,Mrs,Small
18,S,13.0,418,2,female,1,Miss,Small
30,S,13.0,419,2,male,0,Mr,Alone
10,S,24.15,420,3,female,0,Miss,Small
25,C,7.8958,421,3,male,0,Mr,Alone
21,Q,7.7333,422,3,male,0,Mr,Alone
29,S,7.875,423,3,male,0,Mr,Alone
28,S,14.4,424,3,female,0,Mrs,Small
18,S,20.2125,425,3,male,0,Mr,Small
25,S,7.25,426,3,male,0,Mr,Alone
28,S,26.0,427,2,female,1,Mrs,Small
19,S,26.0,428,2,female,1,Miss,Alone
25,Q,7.75,429,3,male,0,Mr,Alone
32,S,8.05,430,3,male,1,Mr,Alone
28,S,26.55,431,1,male,1,Mr,Alone
22,S,16.1,432,3,female,1,Mrs,Small
42,S,26.0,433,2,female,1,Mrs,Small
17,S,7.125,434,3,male,0,Mr,Alone
50,S,55.9,435,1,male,0,Mr,Small
14,S,120.0,436,1,female,1,Miss,Large
21,S,34.375,437,3,female,0,Miss,Large
24,S,18.75,438,2,female,1,Mrs,Large
64,S,263.0,439,1,male,0,Mr,Large
31,S,10.5,440,2,male,0,Mr,Alone
45,S,26.25,441,2,female,1,Mrs,Small
20,S,9.5,442,3,male,0,Mr,Alone
25,S,7.775,443,3,male,0,Mr,Small
28,S,13.0,444,2,female,1,Miss,Alone
25,S,8.1125,445,3,male,1,Mr,Alone
4,S,81.8583,446,1,male,1,Master,Small
13,S,19.5,447,2,female,1,Miss,Small
34,S,26.55,448,1,male,1,Mr,Alone
5,C,19.2583,449,3,female,1,Miss,Large
52,S,30.5,450,1,male,1,Rare,Alone
36,S,27.75,451,2,male,0,Mr,Large
25,S,19.9667,452,3,male,0,Mr,Small
30,C,27.75,453,1,male,0,Mr,Alone
49,C,89.1042,454,1,male,1,Mr,Small
25,S,8.05,455,3,male,0,Mr,Alone
29,C,7.8958,456,3,male,1,Mr,Alone
65,S,26.55,457,1,male,0,Mr,Alone
36,S,51.8625,458,1,female,1,Mrs,Small
50,S,10.5,459,2,female,1,Miss,Alone
25,Q,7.75,460,3,male,0,Mr,Alone
48,S,26.55,461,1,male,1,Mr,Alone
34,S,8.05,462,3,male,0,Mr,Alone
47,S,38.5,463,1,male,0,Mr,Alone
48,S,13.0,464,2,male,0,Mr,Alone
25,S,8.05,465,3,male,0,Mr,Alone
38,S,7.05,466,3,male,0,Mr,Alone
29,S,0.0,467,2,male,0,Mr,Alone
56,S,26.55,468,1,male,0,Mr,Alone
25,Q,7.725,469,3,male,0,Mr,Alone
0,C,19.2583,470,3,female,1,Miss,Large
25,S,7.25,471,3,male,0,Mr,Alone
38,S,8.6625,472,3,male,0,Mr,Alone
33,S,27.75,473,2,female,1,Mrs,Large
23,C,13.7917,474,2,female,1,Mrs,Alone
22,S,9.8375,475,3,female,0,Miss,Alone
42,S,52.0,476,1,male,0,Mr,Alone
34,S,21.0,477,2,male,0,Mr,Small
29,S,7.0458,478,3,male,0,Mr,Small
22,S,7.5208,479,3,male,0,Mr,Alone
2,S,12.2875,480,3,female,1,Miss,Small
9,S,46.9,481,3,male,0,Master,Large
29,S,0.0,482,2,male,0,Mr,Alone
50,S,8.05,483,3,male,0,Mr,Alone
63,S,9.5875,484,3,female,1,Mrs,Alone
25,C,91.0792,485,1,male,1,Mr,Small
22,S,25.4667,486,3,female,0,Miss,Large
35,S,90.0,487,1,female,1,Mrs,Small
58,C,29.7,488,1,male,0,Mr,Alone
30,S,8.05,489,3,male,0,Mr,Alone
9,S,15.9,490,3,male,1,Master,Small
25,S,19.9667,491,3,male,0,Mr,Small
21,S,7.25,492,3,male,0,Mr,Alone
55,S,30.5,493,1,male,0,Mr,Alone
71,C,49.5042,494,1,male,0,Mr,Alone
21,S,8.05,495,3,male,0,Mr,Alone
25,C,14.4583,496,3,male,0,Mr,Alone
54,C,78.2667,497,1,female,1,Miss,Small
25,S,15.1,498,3,male,0,Mr,Alone
25,S,151.55,499,1,female,0,Mrs,Large
24,S,7.7958,500,3,male,0,Mr,Alone
17,S,8.6625,501,3,male,0,Mr,Alone
21,Q,7.75,502,3,female,0,Miss,Alone
22,Q,7.6292,503,3,female,0,Miss,Alone
37,S,9.5875,504,3,female,0,Miss,Alone
16,S,86.5,505,1,female,1,Miss,Alone
18,C,108.9,506,1,male,0,Mr,Small
33,S,26.0,507,2,female,1,Mrs,Small
42,S,26.55,508,1,male,1,Mr,Alone
28,S,22.525,509,3,male,0,Mr,Alone
26,S,56.4958,510,3,male,1,Mr,Alone
29,Q,7.75,511,3,male,1,Mr,Alone
25,S,8.05,512,3,male,0,Mr,Alone
36,S,26.2875,513,1,male,1,Mr,Alone
54,C,59.4,514,1,female,1,Mrs,Small
24,S,7.4958,515,3,male,0,Mr,Alone
47,S,34.0208,516,1,male,0,Mr,Alone
34,S,10.5,517,2,female,1,Mrs,Alone
25,Q,24.15,518,3,male,0,Mr,Alone
36,S,26.0,519,2,female,1,Mrs,Small
32,S,7.8958,520,3,male,0,Mr,Alone
30,S,93.5,521,1,female,1,Miss,Alone
22,S,7.8958,522,3,male,0,Mr,Alone
25,C,7.225,523,3,male,0,Mr,Alone
44,C,57.9792,524,1,female,1,Mrs,Small
25,C,7.2292,525,3,male,0,Mr,Alone
40,Q,7.75,526,3,male,0,Mr,Alone
50,S,10.5,527,2,female,1,Miss,Alone
42,S,221.7792,528,1,male,0,Mr,Alone
39,S,7.925,529,3,male,0,Mr,Alone
23,S,11.5,530,2,male,0,Mr,Large
2,S,26.0,531,2,female,1,Miss,Small
25,C,7.2292,532,3,male,0,Mr,Alone
17,C,7.2292,533,3,male,0,Mr,Small
22,C,22.3583,534,3,female,1,Mrs,Small
30,S,8.6625,535,3,female,0,Miss,Alone
7,S,26.25,536,2,female,1,Miss,Small
45,S,26.55,537,1,male,0,Rare,Alone
30,C,106.425,538,1,female,1,Miss,Alone
25,S,14.5,539,3,male,0,Mr,Alone
22,C,49.5,540,1,female,1,Miss,Small
36,S,71.0,541,1,female,1,Miss,Small
9,S,31.275,542,3,female,0,Miss,Large
11,S,31.275,543,3,female,0,Miss,Large
32,S,26.0,544,2,male,1,Mr,Small
50,C,106.425,545,1,male,0,Mr,Small
64,S,26.0,546,1,male,0,Mr,Alone
19,S,26.0,547,2,female,1,Mrs,Small
29,C,13.8625,548,2,male,1,Mr,Alone
33,S,20.525,549,3,male,0,Mr,Small
8,S,36.75,550,2,male,1,Master,Small
17,C,110.8833,551,1,male,1,Mr,Small
27,S,26.0,552,2,male,0,Mr,Alone
25,Q,7.8292,553,3,male,0,Mr,Alone
22,C,7.225,554,3,male,1,Mr,Alone
22,S,7.775,555,3,female,1,Miss,Alone
62,S,26.55,556,1,male,0,Mr,Alone
48,C,39.6,557,1,female,1,Rare,Small
42,C,227.525,558,1,male,0,Mr,Alone
39,S,79.65,559,1,female,1,Mrs,Small
36,S,17.4,560,3,female,1,Mrs,Small
25,Q,7.75,561,3,male,0,Mr,Alone
40,S,7.8958,562,3,male,0,Mr,Alone
28,S,13.5,563,2,male,0,Mr,Alone
25,S,8.05,564,3,male,0,Mr,Alone
22,S,8.05,565,3,female,0,Miss,Alone
24,S,24.15,566,3,male,0,Mr,Small
19,S,7.8958,567,3,male,0,Mr,Alone
29,S,21.075,568,3,female,0,Mrs,Large
25,C,7.2292,569,3,male,0,Mr,Alone
32,S,7.8542,570,3,male,1,Mr,Alone
62,S,10.5,571,2,male,1,Mr,Alone
53,S,51.4792,572,1,female,1,Mrs,Small
36,S,26.3875,573,1,male,1,Mr,Alone
22,Q,7.75,574,3,female,1,Miss,Alone
16,S,8.05,575,3,male,0,Mr,Alone
19,S,14.5,576,3,male,0,Mr,Alone
34,S,13.0,577,2,female,1,Miss,Alone
39,S,55.9,578,1,female,1,Mrs,Small
22,C,14.4583,579,3,female,0,Mrs,Small
32,S,7.925,580,3,male,1,Mr,Alone
25,S,30.0,581,2,female,1,Miss,Small
39,C,110.8833,582,1,female,1,Mrs,Small
54,S,26.0,583,2,male,0,Mr,Alone
36,C,40.125,584,1,male,0,Mr,Alone
25,C,8.7125,585,3,male,0,Mr,Alone
18,S,79.65,586,1,female,1,Miss,Small
47,S,15.0,587,2,male,0,Mr,Alone
60,C,79.2,588,1,male,1,Mr,Small
22,S,8.05,589,3,male,0,Mr,Alone
25,S,8.05,590,3,male,0,Mr,Alone
35,S,7.125,591,3,male,0,Mr,Alone
52,C,78.2667,592,1,female,1,Mrs,Small
47,S,7.25,593,3,male,0,Mr,Alone
22,Q,7.75,594,3,female,0,Miss,Small
37,S,26.0,595,2,male,0,Mr,Small
36,S,24.15,596,3,male,0,Mr,Small
28,S,33.0,597,2,female,1,Miss,Alone
49,S,0.0,598,3,male,0,Mr,Alone
25,C,7.225,599,3,male,0,Mr,Alone
49,C,56.9292,600,1,male,1,Rare,Small
24,S,27.0,601,2,female,1,Mrs,Large
25,S,7.8958,602,3,male,0,Mr,Alone
42,S,42.4,603,1,male,0,Mr,Alone
44,S,8.05,604,3,male,0,Mr,Alone
35,C,26.55,605,1,male,1,Mr,Alone
36,S,15.55,606,3,male,0,Mr,Small
30,S,7.8958,607,3,male,0,Mr,Alone
27,S,30.5,608,1,male,1,Mr,Alone
22,C,41.5792,609,2,female,1,Mrs,Large
40,S,153.4625,610,1,female,1,Miss,Alone
39,S,31.275,611,3,female,0,Mrs,Large
25,S,7.05,612,3,male,0,Mr,Alone
22,Q,15.5,613,3,female,1,Miss,Small
25,Q,7.75,614,3,male,0,Mr,Alone
35,S,8.05,615,3,male,0,Mr,Alone
24,S,65.0,616,2,female,1,Miss,Large
34,S,14.4,617,3,male,0,Mr,Small
26,S,16.1,618,3,female,0,Mrs,Small
4,S,39.0,619,2,female,1,Miss,Large
26,S,10.5,620,2,male,0,Mr,Alone
27,C,14.4542,621,3,male,0,Mr,Small
42,S,52.5542,622,1,male,1,Mr,Small
20,C,15.7417,623,3,male,1,Mr,Small
21,S,7.8542,624,3,male,0,Mr,Alone
21,S,16.1,625,3,male,0,Mr,Alone
61,S,32.3208,626,1,male,0,Mr,Alone
57,Q,12.35,627,2,male,0,Rare,Alone
21,S,77.9583,628,1,female,1,Miss,Alone
26,S,7.8958,629,3,male,0,Mr,Alone
25,Q,7.7333,630,3,male,0,Mr,Alone
80,S,30.0,631,1,male,1,Mr,Alone
51,S,7.0542,632,3,male,0,Mr,Alone
32,C,30.5,633,1,male,1,Rare,Alone
42,S,0.0,634,1,male,0,Mr,Alone
9,S,27.9,635,3,female,0,Miss,Large
28,S,13.0,636,2,female,1,Miss,Alone
32,S,7.925,637,3,male,0,Mr,Alone
31,S,26.25,638,2,male,0,Mr,Small
41,S,39.6875,639,3,female,0,Mrs,Large
25,S,16.1,640,3,male,0,Mr,Small
20,S,7.8542,641,3,male,0,Mr,Alone
24,C,69.3,642,1,female,1,Miss,Alone
2,S,27.9,643,3,female,0,Miss,Large
25,S,56.4958,644,3,male,1,Mr,Alone
0,C,19.2583,645,3,female,1,Miss,Large
48,C,76.7292,646,1,male,1,Mr,Small
19,S,7.8958,647,3,male,0,Mr,Alone
56,C,35.5,648,1,male,1,Rare,Alone
25,S,7.55,649,3,male,0,Mr,Alone
23,S,7.55,650,3,female,1,Miss,Alone
25,S,7.8958,651,3,male,0,Mr,Alone
18,S,23.0,652,2,female,1,Miss,Small
21,S,8.4333,653,3,male,0,Mr,Alone
22,Q,7.8292,654,3,female,1,Miss,Alone
18,Q,6.75,655,3,female,0,Miss,Alone
24,S,73.5,656,2,male,0,Mr,Small
25,S,7.8958,657,3,male,0,Mr,Alone
32,Q,15.5,658,3,female,0,Mrs,Small
23,S,13.0,659,2,male,0,Mr,Alone
58,C,113.275,660,1,male,0,Mr,Small
50,S,133.65,661,1,male,1,Rare,Small
40,C,7.225,662,3,male,0,Mr,Alone
47,S,25.5875,663,1,male,0,Mr,Alone
36,S,7.4958,664,3,male,0,Mr,Alone
20,S,7.925,665,3,male,1,Mr,Small
32,S,73.5,666,2,male,0,Mr,Small
25,S,13.0,667,2,male,0,Mr,Alone
25,S,7.775,668,3,male,0,Mr,Alone
43,S,8.05,669,3,male,0,Mr,Alone
36,S,52.0,670,1,female,1,Mrs,Small
40,S,39.0,671,2,female,1,Mrs,Small
31,S,52.0,672,1,male,0,Mr,Small
70,S,10.5,673,2,male,0,Mr,Alone
31,S,13.0,674,2,male,1,Mr,Alone
29,S,0.0,675,2,male,0,Mr,Alone
18,S,7.775,676,3,male,0,Mr,Alone
24,S,8.05,677,3,male,0,Mr,Alone
18,S,9.8417,678,3,female,1,Miss,Alone
43,S,46.9,679,3,female,0,Mrs,Large
36,C,512.3292,680,1,male,1,Mr,Small
22,Q,8.1375,681,3,female,0,Miss,Alone
27,C,76.7292,682,1,male,1,Mr,Alone
20,S,9.225,683,3,male,0,Mr,Alone
14,S,46.9,684,3,male,0,Mr,Large
60,S,39.0,685,2,male,0,Mr,Small
25,C,41.5792,686,2,male,0,Mr,Large
14,S,39.6875,687,3,male,0,Mr,Large
19,S,10.1708,688,3,male,0,Mr,Alone
18,S,7.7958,689,3,male,0,Mr,Alone
15,S,211.3375,690,1,female,1,Miss,Small
31,S,57.0,691,1,male,1,Mr,Small
4,C,13.4167,692,3,female,1,Miss,Small
25,S,56.4958,693,3,male,1,Mr,Alone
25,C,7.225,694,3,male,0,Mr,Alone
60,S,26.55,695,1,male,0,Rare,Alone
52,S,13.5,696,2,male,0,Mr,Alone
44,S,8.05,697,3,male,0,Mr,Alone
22,Q,7.7333,698,3,female,1,Miss,Alone
49,C,110.8833,699,1,male,0,Mr,Small
42,S,7.65,700,3,male,0,Mr,Alone
18,C,227.525,701,1,female,1,Mrs,Small
35,S,26.2875,702,1,male,1,Mr,Alone
18,C,14.4542,703,3,female,0,Miss,Small
25,Q,7.7417,704,3,male,0,Mr,Alone
26,S,7.8542,705,3,male,0,Mr,Small
39,S,26.0,706,2,male,0,Mr,Alone
45,S,13.5,707,2,female,1,Mrs,Alone
42,S,26.2875,708,1,male,1,Mr,Alone
22,S,151.55,709,1,female,1,Miss,Alone
25,C,15.2458,710,3,male,1,Master,Small
24,C,49.5042,711,1,female,1,Miss,Alone
42,S,26.55,712,1,male,0,Mr,Alone
48,S,52.0,713,1,male,1,Mr,Small
29,S,9.4833,714,3,male,0,Mr,Alone
52,S,13.0,715,2,male,0,Mr,Alone
19,S,7.65,716,3,male,0,Mr,Alone
38,C,227.525,717,1,female,1,Miss,Alone
27,S,10.5,718,2,female,1,Miss,Alone
25,Q,15.5,719,3,male,0,Mr,Alone
33,S,7.775,720,3,male,0,Mr,Alone
6,S,33.0,721,2,female,1,Miss,Small
17,S,7.0542,722,3,male,0,Mr,Small
34,S,13.0,723,2,male,0,Mr,Alone
50,S,13.0,724,2,male,0,Mr,Alone
27,S,53.1,725,1,male,1,Mr,Small
20,S,8.6625,726,3,male,0,Mr,Alone
30,S,21.0,727,2,female,1,Mrs,Large
22,Q,7.7375,728,3,female,1,Miss,Alone
25,S,26.0,729,2,male,0,Mr,Small
25,S,7.925,730,3,female,0,Miss,Small
29,S,211.3375,731,1,female,1,Miss,Alone
11,C,18.7875,732,3,male,0,Mr,Alone
29,S,0.0,733,2,male,0,Mr,Alone
23,S,13.0,734,2,male,0,Mr,Alone
23,S,13.0,735,2,male,0,Mr,Alone
28,S,16.1,736,3,male,0,Mr,Alone
48,S,34.375,737,3,female,0,Mrs,Large
35,C,512.3292,738,1,male,1,Mr,Alone
25,S,7.8958,739,3,male,0,Mr,Alone
25,S,7.8958,740,3,male,0,Mr,Alone
42,S,30.0,741,1,male,1,Mr,Alone
36,S,78.85,742,1,male,0,Mr,Small
21,C,262.375,743,1,female,1,Miss,Large
24,S,16.1,744,3,male,0,Mr,Small
31,S,7.925,745,3,male,1,Mr,Alone
70,S,71.0,746,1,male,0,Rare,Small
16,S,20.25,747,3,male,0,Mr,Small
30,S,13.0,748,2,female,1,Miss,Alone
19,S,53.1,749,1,male,0,Mr,Small
31,Q,7.75,750,3,male,0,Mr,Alone
4,S,23.0,751,2,female,1,Miss,Small
6,S,12.475,752,3,male,1,Master,Small
33,S,9.5,753,3,male,0,Mr,Alone
23,S,7.8958,754,3,male,0,Mr,Alone
48,S,65.0,755,2,female,1,Mrs,Large
0,S,14.5,756,2,male,1,Master,Small
28,S,7.7958,757,3,male,0,Mr,Alone
18,S,11.5,758,2,male,0,Mr,Alone
34,S,8.05,759,3,male,0,Mr,Alone
33,S,86.5,760,1,female,1,Rare,Alone
25,S,14.5,761,3,male,0,Mr,Alone
41,S,7.125,762,3,male,0,Mr,Alone
20,C,7.2292,763,3,male,1,Mr,Alone
36,S,120.0,764,1,female,1,Mrs,Large
16,S,7.775,765,3,male,0,Mr,Alone
51,S,77.9583,766,1,female,1,Mrs,Small
42,C,39.6,767,1,male,0,Rare,Alone
30,Q,7.75,768,3,female,0,Miss,Alone
25,Q,24.15,769,3,male,0,Mr,Small
32,S,8.3625,770,3,male,0,Mr,Alone
24,S,9.5,771,3,male,0,Mr,Alone
48,S,7.8542,772,3,male,0,Mr,Alone
57,S,10.5,773,2,female,0,Mrs,Alone
25,C,7.225,774,3,male,0,Mr,Alone
54,S,23.0,775,2,female,1,Mrs,Large
18,S,7.75,776,3,male,0,Mr,Alone
25,Q,7.75,777,3,male,0,Mr,Alone
5,S,12.475,778,3,female,1,Miss,Alone
25,Q,7.7375,779,3,male,0,Mr,Alone
43,S,211.3375,780,1,female,1,Mrs,Small
13,C,7.2292,781,3,female,1,Miss,Alone
17,S,57.0,782,1,female,1,Mrs,Small
29,S,30.0,783,1,male,0,Mr,Alone
25,S,23.45,784,3,male,0,Mr,Large
25,S,7.05,785,3,male,0,Mr,Alone
25,S,7.25,786,3,male,0,Mr,Alone
18,S,7.4958,787,3,female,1,Miss,Alone
8,Q,29.125,788,3,male,0,Master,Large
1,S,20.575,789,3,male,1,Master,Large
46,C,79.2,790,1,male,0,Mr,Alone
25,Q,7.75,791,3,male,0,Mr,Alone
16,S,26.0,792,2,male,0,Mr,Alone
22,S,69.55,793,3,female,0,Miss,Large
42,C,30.6958,794,1,male,0,Mr,Alone
25,S,7.8958,795,3,male,0,Mr,Alone
39,S,13.0,796,2,male,0,Mr,Alone
49,S,25.9292,797,1,female,1,Rare,Alone
31,S,8.6833,798,3,female,1,Mrs,Alone
30,C,7.2292,799,3,male,0,Mr,Alone
30,S,24.15,800,3,female,0,Mrs,Small
34,S,13.0,801,2,male,0,Mr,Alone
31,S,26.25,802,2,female,1,Mrs,Small
11,S,120.0,803,1,male,1,Master,Large
0,C,8.5167,804,3,male,1,Master,Small
27,S,6.975,805,3,male,1,Mr,Alone
31,S,7.775,806,3,male,0,Mr,Alone
39,S,0.0,807,1,male,0,Mr,Alone
18,S,7.775,808,3,female,0,Miss,Alone
39,S,13.0,809,2,male,0,Mr,Alone
33,S,53.1,810,1,female,1,Mrs,Small
26,S,7.8875,811,3,male,0,Mr,Alone
39,S,24.15,812,3,male,0,Mr,Alone
35,S,10.5,813,2,male,0,Mr,Alone
6,S,31.275,814,3,female,0,Miss,Large
30,S,8.05,815,3,male,0,Mr,Alone
42,S,0.0,816,1,male,0,Mr,Alone
23,S,7.925,817,3,female,0,Miss,Alone
31,C,37.0042,818,2,male,0,Mr,Small
43,S,6.45,819,3,male,0,Mr,Alone
10,S,27.9,820,3,male,0,Master,Large
52,S,93.5,821,1,female,1,Mrs,Small
27,S,8.6625,822,3,male,1,Mr,Alone
38,S,0.0,823,1,male,0,Rare,Alone
27,S,12.475,824,3,female,1,Mrs,Small
2,S,39.6875,825,3,male,0,Master,Large
25,Q,6.95,826,3,male,0,Mr,Alone
25,S,56.4958,827,3,male,0,Mr,Alone
1,C,37.0042,828,2,male,1,Master,Small
25,Q,7.75,829,3,male,1,Mr,Alone
62,S,80.0,830,1,female,1,Mrs,Alone
15,C,14.4542,831,3,female,1,Mrs,Small
0,S,18.75,832,2,male,1,Master,Small
25,C,7.2292,833,3,male,0,Mr,Alone
23,S,7.8542,834,3,male,0,Mr,Alone
18,S,8.3,835,3,male,0,Mr,Alone
39,C,83.1583,836,1,female,1,Miss,Small
21,S,8.6625,837,3,male,0,Mr,Alone
25,S,8.05,838,3,male,0,Mr,Alone
32,S,56.4958,839,3,male,1,Mr,Alone
42,C,29.7,840,1,male,1,Mr,Alone
20,S,7.925,841,3,male,0,Mr,Alone
16,S,10.5,842,2,male,0,Mr,Alone
30,C,31.0,843,1,female,1,Miss,Alone
34,C,6.4375,844,3,male,0,Mr,Alone
17,S,8.6625,845,3,male,0,Mr,Alone
42,S,7.55,846,3,male,0,Mr,Alone
25,S,69.55,847,3,male,0,Mr,Large
35,C,7.8958,848,3,male,0,Mr,Alone
28,S,33.0,849,2,male,0,Rare,Small
36,C,89.1042,850,1,female,1,Mrs,Small
4,S,31.275,851,3,male,0,Master,Large
74,S,7.775,852,3,male,0,Mr,Alone
9,C,15.2458,853,3,female,0,Miss,Small
16,S,39.4,854,1,female,1,Miss,Small
44,S,26.0,855,2,female,0,Mrs,Small
18,S,9.35,856,3,female,1,Mrs,Small
45,S,164.8667,857,1,female,1,Mrs,Small
51,S,26.55,858,1,male,1,Mr,Alone
24,C,19.2583,859,3,female,1,Mrs,Large
25,C,7.2292,860,3,male,0,Mr,Alone
41,S,14.1083,861,3,male,0,Mr,Small
21,S,11.5,862,2,male,0,Mr,Small
48,S,25.9292,863,1,female,1,Mrs,Alone
22,S,69.55,864,3,female,0,Miss,Large
24,S,13.0,865,2,male,0,Mr,Alone
42,S,13.0,866,2,female,1,Mrs,Alone
27,C,13.8583,867,2,female,1,Miss,Small
31,S,50.4958,868,1,male,0,Mr,Alone
25,S,9.5,869,3,male,0,Mr,Alone
4,S,11.1333,870,3,male,1,Master,Small
26,S,7.8958,871,3,male,0,Mr,Alone
47,S,52.5542,872,1,female,1,Mrs,Small
33,S,5.0,873,1,male,0,Mr,Alone
47,S,9.0,874,3,male,0,Mr,Alone
28,C,24.0,875,2,female,1,Mrs,Small
15,C,7.225,876,3,female,1,Miss,Alone
20,S,9.8458,877,3,male,0,Mr,Alone
19,S,7.8958,878,3,male,0,Mr,Alone
25,S,7.8958,879,3,male,0,Mr,Alone
56,C,83.1583,880,1,female,1,Mrs,Small
25,S,26.0,881,2,female,1,Mrs,Small
33,S,7.8958,882,3,male,0,Mr,Alone
22,S,10.5167,883,3,female,0,Miss,Alone
28,S,10.5,884,2,male,0,Mr,Alone
25,S,7.05,885,3,male,0,Mr,Alone
39,Q,29.125,886,3,female,0,Mrs,Large
27,S,13.0,887,2,male,0,Rare,Alone
19,S,30.0,888,1,female,1,Miss,Alone
22,S,23.45,889,3,female,0,Miss,Large
26,C,30.0,890,1,male,1,Mr,Alone
32,Q,7.75,891,3,male,0,Mr,Alone
